Teacher Name,Email / Login Account,Temporary Password,Role,Profile Added?
AIDA,,,teacher,
AILEEN,,,teacher,
AIRAH SOFIA,,,teacher,
ALINE,,,teacher,
AMBAY,,,teacher,
ANGELENE,,,teacher,
BEVS,,,teacher,
BILLY,,,teacher,
BRYAN,,,teacher,
CAROL,,,teacher,
CHARMAINE,,,teacher,
CRISTINA,,,teacher,
DANIEL,,,teacher,
DEXTER,,,teacher,
GENA,,,teacher,
HARLEY,,,teacher,
HAZEL,,,teacher,
HELEN,,,teacher,
IRAH,,,teacher,
JEERY,,,teacher,
JERWIN,,,teacher,
JOEY,,,teacher,
JOHN MARVIN,,,teacher,
JONATHAN,,,teacher,
KATHLYN,,,teacher,
KC,,,teacher,
LOVELYN,,,teacher,
LYNJELLE,,,teacher,
MAAN,,,teacher,
MAJOY,,,teacher,
MARCO,,,teacher,
MARIE ANN,,,teacher,
MARVIN DLC,,,teacher,
MELISSA,,,teacher,
NENITA,,,teacher,
NICCA,,,teacher,
PJ,,,teacher,
RANDY,,,teacher,
RUBY,,,teacher,
RUSCHELLE,,,teacher,
TINA,,,teacher,
VANESSA,,,teacher,
VENA,,,teacher,
WILMA,,,teacher,
ZYRELLE,,,teacher,